profile_name,post_location,keyword,profile_url,post_text,post_date,post_url
Great Kosher Restaurants Foodies,salt lake,shabbat,/groups/320656708120313/?hoisted_section_header_type=recently_seen&multi_permalinks=2190190714500227&__cft__[0]=AZWen4tNZ-yyPcopr7ZQpP7uR_kbG6LWh1SXjVAgkEKnFI9ABwoABPdiLSW_GBhfIgw4k8GOIPmYW9fkt7HZyE_79bQFJjYavTdG7VDBUDMKOyq1OiywGmQVkkU3r3o__K8pldV8smo6_x0G5gabpyEM&__tn__=-UC%2CP-R,"Bristol Kosher Deli located in canyons resort, Park City,  Utah. ",2 h,/groups/320656708120313/user/558260259/?__cft__[0]=AZWen4tNZ-yyPcopr7ZQpP7uR_kbG6LWh1SXjVAgkEKnFI9ABwoABPdiLSW_GBhfIgw4k8GOIPmYW9fkt7HZyE_79bQFJjYavTdG7VDBUDMKOyq1OiywGmQVkkU3r3o__K8pldV8smo6_x0G5gabpyEM&__tn__=%2CP-R
Congregation Kol Ami,salt lake,shabbat,https://www.facebook.com/congregationkolamiUTAH/?__cft__[0]=AZUdt_PyWkEAEIpOl4dBmepsCHZZPOXfeNszKE81aQcNdEMpxLiKueH1IpXRlyyv3247pMiKuvfPN60cmjs_M3NvUK2IzzAdJqVQhJNI1fACnwb_EEnbQPhDM0YCRHmG7jM&__tn__=kC%2CP-R,Shabbat Shalom! Please join us for services this weekend (in-person or via livestream at kolamireform.livecontrol.tv).,1 d,https://www.facebook.com/congregationkolamiUTAH/posts/6632131453469646?__cft__[0]=AZUdt_PyWkEAEIpOl4dBmepsCHZZPOXfeNszKE81aQcNdEMpxLiKueH1IpXRlyyv3247pMiKuvfPN60cmjs_M3NvUK2IzzAdJqVQhJNI1fACnwb_EEnbQPhDM0YCRHmG7jM&__tn__=%2CO%2CP-R
Congregation Kol Ami,salt lake,shabbat,https://www.facebook.com/congregationkolamiUTAH/?__cft__[0]=AZUKtJOhkHU6z6L9yW0Skd4H6Z7o8NtpHG-JBldqrHj9b8LQ7r4uXErxZx6voGXieLULCLwETq_MUglBRqX51kEU7lEnhdN8n9RnwWQAMdUN5E8ehrj_HsqP-KFt--8MLNc&__tn__=kC%2CP-R,Shabbat Shalom! L'Shanah Tovah! Please join us for services this weekend (in-person or via livestream at kolamireform.livecontrol.tv).,24 September 2022,https://www.facebook.com/congregationkolamiUTAH/posts/6252164858132976?__cft__[0]=AZUKtJOhkHU6z6L9yW0Skd4H6Z7o8NtpHG-JBldqrHj9b8LQ7r4uXErxZx6voGXieLULCLwETq_MUglBRqX51kEU7lEnhdN8n9RnwWQAMdUN5E8ehrj_HsqP-KFt--8MLNc&__tn__=%2CO%2CP-R
Rabbi Benny Zippel,salt lake,shabbat,https://www.facebook.com/rabbi.zippel?__cft__[0]=AZUlwc8PrZEQtZSdkZDHUUpWQ1QH49rydfxXd-PKNNQoxzNBC8638QyKHr8nM-LD9OXsJj8HBAy8bRKmEtacc7ultXKsVEEJI5adnZdewW5Dr1dj32NMOUY8Z4suKTSk-2U&__tn__=-]C%2CP-R,When you go shopping at Costco for Shabbat and you find…….a precious fellow Jew #chabadpolishinggems,16 December 2022,https://www.facebook.com/rabbi.zippel/posts/10167458208965475?__cft__[0]=AZUlwc8PrZEQtZSdkZDHUUpWQ1QH49rydfxXd-PKNNQoxzNBC8638QyKHr8nM-LD9OXsJj8HBAy8bRKmEtacc7ultXKsVEEJI5adnZdewW5Dr1dj32NMOUY8Z4suKTSk-2U&__tn__=%2CO%2CP-R
Congregation Kol Ami,salt lake,shabbat,https://www.facebook.com/congregationkolamiUTAH/?__cft__[0]=AZUTwWKm0EPRGpfKvtF_hhqN1hVwXyPm1eR2flIk02uPmTc48hdWbIcB2tm9mDOwDlXY0phtru_y1ema9VXopClwNXH0pNQZOym2TYI0UKKuGaMCKKvknzsdbW4-YPWgSX8&__tn__=kC%2CP-R,Join Rabbi Sam Spector this Saturday following our Shabbat morning service for a learning session on halacha. Please meet in the Library 20 minutes after the service concludes!....… See more,16 December 2022,https://www.facebook.com/congregationkolamiUTAH/posts/6524752500874209?__cft__[0]=AZUTwWKm0EPRGpfKvtF_hhqN1hVwXyPm1eR2flIk02uPmTc48hdWbIcB2tm9mDOwDlXY0phtru_y1ema9VXopClwNXH0pNQZOym2TYI0UKKuGaMCKKvknzsdbW4-YPWgSX8&__tn__=%2CO%2CP-R
Congregation Kol Ami,salt lake,shabbat,https://www.facebook.com/congregationkolamiUTAH/?__cft__[0]=AZXrzJNteDqVMYjdLzudDT5-re4mTl0mRTlejeD0oHCz-KMy-DuA2cU-f_11VCbGmi5UuJyZO9JvWtTjOI8aojPiJk-MxC8sznz0rO4YD2E7u_NKyD-Hn2UIv7DbpB4Rpio&__tn__=kC%2CP-R,Shabbat Shalom! Please join us for services this weekend (in-person or via livestream at kolamireform.livecontrol.tv).,10 December 2022,https://www.facebook.com/congregationkolamiUTAH/posts/6495706947112098?__cft__[0]=AZXrzJNteDqVMYjdLzudDT5-re4mTl0mRTlejeD0oHCz-KMy-DuA2cU-f_11VCbGmi5UuJyZO9JvWtTjOI8aojPiJk-MxC8sznz0rO4YD2E7u_NKyD-Hn2UIv7DbpB4Rpio&__tn__=%2CO%2CP-R
Congregation Kol Ami,salt lake,shabbat,https://www.facebook.com/congregationkolamiUTAH/?__cft__[0]=AZVEqRcfCq5jdUHCyuCExnfgrJ_IJ9z0QbJYMdW3CVGNMG7oMRjre5fdz7qg8i9PXv74UNUIXWtCcFF_1wqnHVr-eXK9wMAiXXDIX1NF8C_-wqSJqBW92Hr0WK-7blS3GPQ&__tn__=kC%2CP-R,Join us for a family-friendly Shabbat dinner and service! Our evening will begin at 5:30 pm with dinner followed by our Erev Shabbat service at 6:30 pm.,3 d,https://www.facebook.com/congregationkolamiUTAH/posts/6626112434071548?__cft__[0]=AZVEqRcfCq5jdUHCyuCExnfgrJ_IJ9z0QbJYMdW3CVGNMG7oMRjre5fdz7qg8i9PXv74UNUIXWtCcFF_1wqnHVr-eXK9wMAiXXDIX1NF8C_-wqSJqBW92Hr0WK-7blS3GPQ&__tn__=%2CO%2CP-R
Congregation Kol Ami,salt lake,shabbat,https://www.facebook.com/congregationkolamiUTAH/?__cft__[0]=AZVfOtEoehKKRZXGVL3BVnY-PRoSm4E-Jv1kEmuPFAGDkwnfpEfsWKNlZktR-kUrXn7PN5xA0WyDmWMHYMFMTA-51Feh1xkVpS-FqsVMl7RX4rihDqzk9XrFIHX6j2c7oDo&__tn__=kC%2CP-R,Shabbat Shalom! Please join us for services this weekend (in-person or via livestream at kolamireform.livecontrol.tv).,29 October 2022,https://www.facebook.com/congregationkolamiUTAH/posts/6368231213193006?__cft__[0]=AZVfOtEoehKKRZXGVL3BVnY-PRoSm4E-Jv1kEmuPFAGDkwnfpEfsWKNlZktR-kUrXn7PN5xA0WyDmWMHYMFMTA-51Feh1xkVpS-FqsVMl7RX4rihDqzk9XrFIHX6j2c7oDo&__tn__=%2CO%2CP-R
Congregation Kol Ami,salt lake,shabbat,https://www.facebook.com/congregationkolamiUTAH/?__cft__[0]=AZXOkEw4AqRiYZwuafONw28B-vnvOndthHsxlHu4ZDwPXSKiObcop3yzC6TMF9pELx7TfJnOVswkkm2HLezisssaSijxzRugLfgCnZjWPrvZSPJZAOkFKOXIeEwkvEHjyWQ&__tn__=kC%2CP-R,Join Rabbi Sam Spector this Saturday following our Shabbat morning service for a learning session on halacha. Please meet in the Library 20 minutes after the service concludes!....… See more,11 January at 21:01,https://www.facebook.com/congregationkolamiUTAH/posts/6602508566431935?__cft__[0]=AZXOkEw4AqRiYZwuafONw28B-vnvOndthHsxlHu4ZDwPXSKiObcop3yzC6TMF9pELx7TfJnOVswkkm2HLezisssaSijxzRugLfgCnZjWPrvZSPJZAOkFKOXIeEwkvEHjyWQ&__tn__=%2CO%2CP-R
profile_name,post_location,keyword,profile_url,post_text,post_date,post_url
Hadassah,new york,shabbat,https://www.facebook.com/Hadassah?__cft__[0]=AZX4O2sAN7IrXLAX4C0Eacbey4yak4agedu0ur1To33JVtPhqkRbHu3DaXXRASaernyoR0fc6FyeULHxPAmJGJKzbEYc0O46RXtL_vOB8Q-KJTIQYGpoadP2_64ETKwE8ng&__tn__=-UC%2CP-R,Shabbat Shalom from all of us at Hadassah! #ShabbatShalom,3 d,https://www.facebook.com/Hadassah/posts/547104127454997?__cft__[0]=AZX4O2sAN7IrXLAX4C0Eacbey4yak4agedu0ur1To33JVtPhqkRbHu3DaXXRASaernyoR0fc6FyeULHxPAmJGJKzbEYc0O46RXtL_vOB8Q-KJTIQYGpoadP2_64ETKwE8ng&__tn__=%2CO%2CP-R
Israel Defense Forces,new york,shabbat,https://www.facebook.com/idfonline?__cft__[0]=AZUueIfMAW8qSzCSu9csO9Nr2SYy09xsvwbKRsvA9kqEHWO34RhT3TC3aKagQBtpYiIxW53IzE1eajljAJsqhY5FrEjj0dpCBXRK7gnyZZZtX_DJ2mGtNBa2cTlhJo6T3jg&__tn__=-UC%2CP-R,"The IDF protects Israeli civilians 24/7, 365 days a year. ",3 d,https://www.facebook.com/idfonline/posts/539068131588540?__cft__[0]=AZUueIfMAW8qSzCSu9csO9Nr2SYy09xsvwbKRsvA9kqEHWO34RhT3TC3aKagQBtpYiIxW53IzE1eajljAJsqhY5FrEjj0dpCBXRK7gnyZZZtX_DJ2mGtNBa2cTlhJo6T3jg&__tn__=%2CO%2CP-R
Israel Forever Foundation,new york,shabbat,https://www.facebook.com/IsraelForeverFoundation?__cft__[0]=AZVqnUi3bFGBjMoNMtxCnSvzHbDqDDu_ENWwBc7jEX7UP0c2mW5IecOTTXqILOz54iuOt15emxqbm8pW0aobv9VHGhbBy1wPwm0QAMCsHFcCBLITOVzrqkEV_18Uk0HeBg0&__tn__=-UC%2CP-R,"Shabbat is the highlight of the #Jewish week, the day that represents not only a physical day of rest, but also a #spiritual menuchah (spiritual rest). Each week we light candles, drink wine at Kiddush, eat a festive meal and slow down our hectic lives to enjoy family and friends. We fill our #Shabbat with meaning, and delve into the depths of Torah.Throughout the year we look at the portions of the #Torah as well to study what they too can teach us about ourselves as a nati… See more",4 d,https://www.facebook.com/IsraelForeverFoundation/posts/558167979686861?__cft__[0]=AZVqnUi3bFGBjMoNMtxCnSvzHbDqDDu_ENWwBc7jEX7UP0c2mW5IecOTTXqILOz54iuOt15emxqbm8pW0aobv9VHGhbBy1wPwm0QAMCsHFcCBLITOVzrqkEV_18Uk0HeBg0&__tn__=%2CO%2CP-R
Israel Defense Forces,new york,shabbat,https://www.facebook.com/idfonline?__cft__[0]=AZWusKs0GIpKnsxgU80xjo1N9oflJ6LdFeF0llcKQEqaXNzRmA7Ehzxmj3UkPTyR-O8VDCLvh1sYp3VwMgGGfkAmmIVCxx6lJa1po-nMwF3KyJksl3E_2zrehFDR8L-Q-P0&__tn__=-UC%2CP-R,Time to get in tune with the weekend Shabbat Shalom!,6 January at 19:03,https://www.facebook.com/idfonline/posts/530136829148337?__cft__[0]=AZWusKs0GIpKnsxgU80xjo1N9oflJ6LdFeF0llcKQEqaXNzRmA7Ehzxmj3UkPTyR-O8VDCLvh1sYp3VwMgGGfkAmmIVCxx6lJa1po-nMwF3KyJksl3E_2zrehFDR8L-Q-P0&__tn__=%2CO%2CP-R
Israel in the USA,new york,shabbat,https://www.facebook.com/IsraelinUSA?__cft__[0]=AZWK_SyW-h_HGq6r0bdnsnGxa-9L6pqYKPWduoPZplG6m_mXWGY5o_DC5y9RwZ3SDD4nacQpv6EhXU89XZiv1DzIe9TyBFJwmp6n58F9cYZNEwqf_BadQGPOhQwCzywsr1Q&__tn__=-UC%2CP-R,Shabbat Shalom from Masada!,3 d,https://www.facebook.com/IsraelinUSA/posts/555249673311197?__cft__[0]=AZWK_SyW-h_HGq6r0bdnsnGxa-9L6pqYKPWduoPZplG6m_mXWGY5o_DC5y9RwZ3SDD4nacQpv6EhXU89XZiv1DzIe9TyBFJwmp6n58F9cYZNEwqf_BadQGPOhQwCzywsr1Q&__tn__=%2CO%2CP-R
Wilbur Ministries,new york,shabbat,https://www.facebook.com/PaulWilbur/?__cft__[0]=AZX089YooGO_oQaZ4ELZGOU0zdslGy84CYfVxu41KgwIgUJA1pRUyCcCxfZDuBu7OzeCom9rBhzf7p857VFtD-vz4wVijV-fFiUi3PQ9m5AwZBZoEGVn3XAcacgkFuajBRQKi50k69yiTNteznBwWFg_&__tn__=-UC%2CP-R,"Shabbat Shalom!Friday‘s @ 6:00 pm EDT - Shabbat in Your HomePlatforms: Facebook, YouTube, Instagram & app (iTunes or Google Play).",3 d,https://www.facebook.com/PaulWilbur/photos/a.458754197776/10160181681462777/?__cft__[0]=AZX089YooGO_oQaZ4ELZGOU0zdslGy84CYfVxu41KgwIgUJA1pRUyCcCxfZDuBu7OzeCom9rBhzf7p857VFtD-vz4wVijV-fFiUi3PQ9m5AwZBZoEGVn3XAcacgkFuajBRQKi50k69yiTNteznBwWFg_&__tn__=%2CO%2CP-R
Israel Defense Forces,new york,shabbat,https://www.facebook.com/idfonline?__cft__[0]=AZVSrwAv0PUVRcLDPU6nhoumKrOLU42jRNNoPKaRv26LD9UuyIhRVhxfhYgveQHp6rTrUELrYHV6hUumzRFi8U9LuX1uqM2cdDbJIrHrzsdz_9Yy9-F1StPX3F1fVnkAfJg&__tn__=-UC%2CP-R,"For the last time this year, we wish you a Shabbat Shalom.",30 December 2022 at 19:01,https://www.facebook.com/idfonline/posts/525334892961864?__cft__[0]=AZVSrwAv0PUVRcLDPU6nhoumKrOLU42jRNNoPKaRv26LD9UuyIhRVhxfhYgveQHp6rTrUELrYHV6hUumzRFi8U9LuX1uqM2cdDbJIrHrzsdz_9Yy9-F1StPX3F1fVnkAfJg&__tn__=%2CO%2CP-R
Tsahal-Armée de Défense d'Israël,new york,shabbat,https://www.facebook.com/tsahalfr?__cft__[0]=AZW6RmWEdC7tzW-i-iolZpOBsprdiNp7hxRBn0Qx3XdrcHMWc8lT07H2F_7pjaIWP_cBZDalU7XCXzVIVbgUokCdU1DTW4cZW0WGMEbuQiPykzI7GndSpCXCdpVvNgaK4NE&__tn__=-UC%2CP-R,"Tsahal protects Israeli civilians 24/7, 365 days a year.",3 d,https://www.facebook.com/tsahalfr/posts/547538607415861?__cft__[0]=AZW6RmWEdC7tzW-i-iolZpOBsprdiNp7hxRBn0Qx3XdrcHMWc8lT07H2F_7pjaIWP_cBZDalU7XCXzVIVbgUokCdU1DTW4cZW0WGMEbuQiPykzI7GndSpCXCdpVvNgaK4NE&__tn__=%2CO%2CP-R
Mayim Bialik,new york,shabbat,https://www.facebook.com/MissMayim?__cft__[0]=AZX42RPkHQ-dyicu3G3glP3w71NAKETcjO6kMSI7BVoS9hI9zD-hR7ZWrU6AR6LsdFquI5tbhfixJCAbuNszpdVhJ9NRfnPIpdW-Fma7jz0rsuihAIu_rxCzJARTHboQ7JQ&__tn__=-UC%2CP-R,#SeventhNight just after Shabbat ended here in Israel.,25 December 2022,https://www.facebook.com/MissMayim/posts/734696011351886?__cft__[0]=AZX42RPkHQ-dyicu3G3glP3w71NAKETcjO6kMSI7BVoS9hI9zD-hR7ZWrU6AR6LsdFquI5tbhfixJCAbuNszpdVhJ9NRfnPIpdW-Fma7jz0rsuihAIu_rxCzJARTHboQ7JQ&__tn__=%2CO%2CP-R
Israel in Thailand,new york,shabbat,https://www.facebook.com/IsraelinThailand?__cft__[0]=AZWG5iStnlWiKLzYJmoPkLQCv_-HlR98wVw5pFvLpIo2npeBVrCr_kPy7w5_k_R5_ZUgKZMfWakOI1vgsSLZh8odanIVuH7Yf6yyO-AqZV6fdPZ2I-fcs_WTAuHjqWSQnME&__tn__=-UC%2CP-R,ของฝากจากตลาดคาร์เมล นครเทล อาวีฟ ,4 d,https://www.facebook.com/IsraelinThailand/posts/557964153030855?__cft__[0]=AZWG5iStnlWiKLzYJmoPkLQCv_-HlR98wVw5pFvLpIo2npeBVrCr_kPy7w5_k_R5_ZUgKZMfWakOI1vgsSLZh8odanIVuH7Yf6yyO-AqZV6fdPZ2I-fcs_WTAuHjqWSQnME&__tn__=%2CO%2CP-R
Friends of the IDF (FIDF),new york,shabbat,https://www.facebook.com/FIDFNational?__cft__[0]=AZVo6-C9mSn-szy8UkEgmqgUnyEVSBbJJgyWu_oXtOUXL_99-kbrlwWN1Iv0WBTQ33ZjBywmixBch8QtihWAgEs0Oc3eaas7Bd-tLVjAZNeh-EN_ObqDavan7tWqXiJyQEI&__tn__=-UC%2CP-R,"Wishing all FIDF supporters a wonderful Shabbat full of memorable moments, friends, family, and love ",3 d,https://www.facebook.com/FIDFNational/posts/550229747137085?__cft__[0]=AZVo6-C9mSn-szy8UkEgmqgUnyEVSBbJJgyWu_oXtOUXL_99-kbrlwWN1Iv0WBTQ33ZjBywmixBch8QtihWAgEs0Oc3eaas7Bd-tLVjAZNeh-EN_ObqDavan7tWqXiJyQEI&__tn__=%2CO%2CP-R
Eliad Cohen,new york,shabbat,https://www.facebook.com/EliadCohen88?__cft__[0]=AZXyIuXiwgeJ_mPOtxP3RS3iMtXvTgDZMg0BsCcLxpY29PZkS18zHRfvC68u6gm4HLZoBcz51qwL2nQgt_iTLLdYFlvFAUd_Fs1q5g2cLbZ2FrlweVeumL17xK-EbrzPGxE&__tn__=-]C%2CP-R,Shabbat Shalom ,3 d,https://www.facebook.com/EliadCohen88/posts/727665082052189?__cft__[0]=AZXyIuXiwgeJ_mPOtxP3RS3iMtXvTgDZMg0BsCcLxpY29PZkS18zHRfvC68u6gm4HLZoBcz51qwL2nQgt_iTLLdYFlvFAUd_Fs1q5g2cLbZ2FrlweVeumL17xK-EbrzPGxE&__tn__=%2CO%2CP-R
Jewish Federations of North America,new york,shabbat,https://www.facebook.com/jfederations?__cft__[0]=AZWnL9PBLyErzECDNASR5cGh9rEB05lovbbq7-bOHbPBdCEQCDbobaz_vval14jIHoS9xd2gA5kwm1VO9IOUCs9Vs7fGBotOVEIJSlvlcDfGu7r-DUjje982T_TmrfLWSYGH06fdY1zKbMTBrKSYiSI8&__tn__=-UC%2CP-R,"It may be cold outside, but a #Shabbat spent with family & friends is guaranteed to keep you feeling warm. Wishing you a warm & cozy #ShabbatShalom",3 d,https://www.facebook.com/photo/?fbid=556765213157502&set=a.421220450045313&__cft__[0]=AZWnL9PBLyErzECDNASR5cGh9rEB05lovbbq7-bOHbPBdCEQCDbobaz_vval14jIHoS9xd2gA5kwm1VO9IOUCs9Vs7fGBotOVEIJSlvlcDfGu7r-DUjje982T_TmrfLWSYGH06fdY1zKbMTBrKSYiSI8&__tn__=%2CO%2CP-R
American Friends of Magen David Adom,new york,shabbat,https://www.facebook.com/AFMDA?__cft__[0]=AZUZXLPw9ihOgQ97zO7T4WPx1qzWpdeGG4QyrlR834q5qV8Yk_JxsD2x-EmPDcukY6MEdVt8_rrbE8t3TZzKmpwmB7a8ud9AgSGkOoqGZ0VAqwGPWaNlb7Ck8FMq2zipPDM&__tn__=-UC%2CP-R,Shabbat Shalom!,3 d,https://www.facebook.com/AFMDA/posts/555716516594328?__cft__[0]=AZUZXLPw9ihOgQ97zO7T4WPx1qzWpdeGG4QyrlR834q5qV8Yk_JxsD2x-EmPDcukY6MEdVt8_rrbE8t3TZzKmpwmB7a8ud9AgSGkOoqGZ0VAqwGPWaNlb7Ck8FMq2zipPDM&__tn__=%2CO%2CP-R
Kosha Dillz,new york,shabbat,https://www.facebook.com/koshadillz?__cft__[0]=AZUZIqW__ITqOK4WuhR2oINa-5OV4l6lzb5FmQrsp8zTSQiaVApgaPV0VUhWf6et3Ns32e0iuSqYJFofF_jw19Bd-L_q6jkYJ83D9yPQ5DGC09vTQtisYM0QLQfrFCYTgUc&__tn__=-UC%2CP-R,Off to Sundance in Park City Utah   Shabbat Shalom  say it back !,3 d,https://www.facebook.com/koshadillz/posts/718640992963389?__cft__[0]=AZUZIqW__ITqOK4WuhR2oINa-5OV4l6lzb5FmQrsp8zTSQiaVApgaPV0VUhWf6et3Ns32e0iuSqYJFofF_jw19Bd-L_q6jkYJ83D9yPQ5DGC09vTQtisYM0QLQfrFCYTgUc&__tn__=%2CO%2CP-R
Wilbur Ministries,new york,shabbat,https://www.facebook.com/PaulWilbur/?__cft__[0]=AZUQuTP_ihTRNZrbaCDApShZBXGM6mQ9PZTNjAahsKh9yDDyekBWQOFkRP0VlGcnUBurLkqK1czEQ6m40Gt-v73Vc3nxuTHr4U9vksBd-3WjRs-APfLBe9xDHxWcgS2i7J18HmBBoZuSQAIF7i8UpXwY&__tn__=kC%2CP-R,"This episode is a rerun as we are currently working to create new content. If you love Shabbat in Your Home or consider it your virtual congregation, please consider joining as a Shabbat in Your Home Founding Partner (https://www.wilburministries.com/.../shabbatinyourhome) and help us get this message to the nations.",3 d,https://www.facebook.com/PaulWilbur/videos/718859646467595/?__cft__[0]=AZUQuTP_ihTRNZrbaCDApShZBXGM6mQ9PZTNjAahsKh9yDDyekBWQOFkRP0VlGcnUBurLkqK1czEQ6m40Gt-v73Vc3nxuTHr4U9vksBd-3WjRs-APfLBe9xDHxWcgS2i7J18HmBBoZuSQAIF7i8UpXwY&__tn__=%2CO%2CP-R
Hananya Naftali,new york,shabbat,https://www.facebook.com/hnaftali?__cft__[0]=AZU_whOvEWU-o39StJ25HbiL5YqRrKQ2ZtQpKqGL187_miWaSJFclQPUDthdg-xJ-pXNmMimkGRoUb8NbeW0ecWDU0EQv5cX4TqbSVAw14JCF54TWAjwA71IQsAKTG99RvaJ05T6eUwBrHCbbc5g4m6h&__tn__=-]C%2CP-R,Shabbat Shalom from the Sea of Galilee ,21 January 2022,https://www.facebook.com/hnaftali/videos/3142222919438832/?__cft__[0]=AZU_whOvEWU-o39StJ25HbiL5YqRrKQ2ZtQpKqGL187_miWaSJFclQPUDthdg-xJ-pXNmMimkGRoUb8NbeW0ecWDU0EQv5cX4TqbSVAw14JCF54TWAjwA71IQsAKTG99RvaJ05T6eUwBrHCbbc5g4m6h&__tn__=%2CO%2CP-R
#shabbatshalom,new york,shabbat,https://www.facebook.com/hashtag/shabbatshalom?__eep__=6&__cft__[0]=AZV9W0i3J9mm71Q_pKedQV20FOXENEmLZFm3ji4H5KM-6oNn0sOL1JseQI4A7pY49hzEYGlErWHOuFqYHG3N_KpNFmuRcUmqS_85fRlEuHS18PF5K_YegX8PrYX41DwN6S0Pdecn_BjOkp6GPxVRPzSL&__cft__[1]=AZV9W0i3J9mm71Q_pKedQV20FOXENEmLZFm3ji4H5KM-6oNn0sOL1JseQI4A7pY49hzEYGlErWHOuFqYHG3N_KpNFmuRcUmqS_85fRlEuHS18PF5K_YegX8PrYX41DwN6S0Pdecn_BjOkp6GPxVRPzSL&__tn__=KH-R,na,20 Jan,na
Accidental Talmudist,new york,shabbat,https://www.facebook.com/accidentaltalmudist?__cft__[0]=AZU0kla4FZtyMWMCFXfyy28WwllwdEDTAe62FyAUN1z770dSxNywJKGUnRMdx6WWB7G2jZaJQo3GbgLqi1aRxmsfX861itUHVPfW5aaA2ExMpJijbC5oM3TDpLcipXL7BCs&__tn__=-UC%2CP-R,"As we roll toward this week’s finish line, I thought you’d get a kick out of a Sal-circa-80’s pic… (that’s my brother on the left)  Good Shabbos, my pals!",3 d,https://www.facebook.com/accidentaltalmudist/posts/719364149558609?__cft__[0]=AZU0kla4FZtyMWMCFXfyy28WwllwdEDTAe62FyAUN1z770dSxNywJKGUnRMdx6WWB7G2jZaJQo3GbgLqi1aRxmsfX861itUHVPfW5aaA2ExMpJijbC5oM3TDpLcipXL7BCs&__tn__=%2CO%2CP-R
Accidental Talmudist,new york,shabbat,https://www.facebook.com/accidentaltalmudist?__cft__[0]=AZWt8vFrkU3lqTge8q6HcDkQZZEWGT1osUBoQeV5xdOPJ1ZfZ19XRRRtnrshI4-fQaIpU3bRoZvHP6IqikY53ygHHgTkUjv8YmW9qYi4zoHPJtyRjUt9Kkx4KQ5dITOu9kg&__tn__=-UC%2CP-R,"Let’s get ready for Shabbos! Jewish women and girls, as well as men living alone, light candles 18 minutes before sunset on Friday to bring in the holy day of rest.",3 d,https://www.facebook.com/accidentaltalmudist/posts/719346429560381?__cft__[0]=AZWt8vFrkU3lqTge8q6HcDkQZZEWGT1osUBoQeV5xdOPJ1ZfZ19XRRRtnrshI4-fQaIpU3bRoZvHP6IqikY53ygHHgTkUjv8YmW9qYi4zoHPJtyRjUt9Kkx4KQ5dITOu9kg&__tn__=%2CO%2CP-R
Menachem Creditor,new york,shabbat,https://www.facebook.com/rabbicreditor?__cft__[0]=AZW5LnFMGiXH5D6KT7hV2bc19RsdB_Ycc7j2IaqGVBS7tVkcmrzlFCB5krZjA9gAuxwnmPrdD9OzO85flrafYx3I7fcBzkDQ_lPLLbQxUhGUoAxvWHMAgYMVWYbSCKoORes&__tn__=-UC%2CP-R,"So excited! Neshama and my special Shabbat with Temple Israel of Sharon, MA has been rescheduled for February 17-19! Can't wait to see all our Boston friends at a Shabbat full of davening and learning, and a Saturday night Neshama concert! ",9 h,https://www.facebook.com/rabbicreditor/posts/10160349332464450?__cft__[0]=AZW5LnFMGiXH5D6KT7hV2bc19RsdB_Ycc7j2IaqGVBS7tVkcmrzlFCB5krZjA9gAuxwnmPrdD9OzO85flrafYx3I7fcBzkDQ_lPLLbQxUhGUoAxvWHMAgYMVWYbSCKoORes&__tn__=%2CO%2CP-R
Rabbi Lawrence Hajioff,new york,shabbat,https://www.facebook.com/RabbiLawrenceHajioff?__cft__[0]=AZXLJyl6SalfRycx7NlPFH7GF7rzWpwQZNRWzXVy633hHbfud0EsryopgRVW7wqczrVPZLeqP2Y3WMAOZenexNnXybM8lj7qsci356VjlgdyaS1Bn4ln_AbBYvkCfszRW0y8PnCOhqSQT_c29ikNWtAc&__tn__=-UC%2CP-R,Escaping the safety of the mind and soul. Shabbat Shalom. ,3 d,https://www.facebook.com/RabbiLawrenceHajioff/posts/591177762823557?__cft__[0]=AZXLJyl6SalfRycx7NlPFH7GF7rzWpwQZNRWzXVy633hHbfud0EsryopgRVW7wqczrVPZLeqP2Y3WMAOZenexNnXybM8lj7qsci356VjlgdyaS1Bn4ln_AbBYvkCfszRW0y8PnCOhqSQT_c29ikNWtAc&__tn__=%2CO%2CP-R
Rabbi Shmuley Boteach,new york,shabbat,https://www.facebook.com/RabbiShmuleyBoteach?__cft__[0]=AZXzaiOwi_INbG1zrrLarROLtCJZNOEz0VaOFpWla_gO59K1f8Asrs-0KLUy6ppCLoI0AGnOi6-it8ku5akMu_v8dZhkdjyOPXQCd5Q3WCT1uUJilBoMOJzz3nr1rXDc4nU&__tn__=-UC%2CP-R,Chabad of Venice Where I spoke on Shabbos and thank you so much Rabbi Rami and @rebbetzinunplugged,2 d,https://www.facebook.com/RabbiShmuleyBoteach/posts/738041911016908?__cft__[0]=AZXzaiOwi_INbG1zrrLarROLtCJZNOEz0VaOFpWla_gO59K1f8Asrs-0KLUy6ppCLoI0AGnOi6-it8ku5akMu_v8dZhkdjyOPXQCd5Q3WCT1uUJilBoMOJzz3nr1rXDc4nU&__tn__=%2CO%2CP-R
Jewish Federation of Palm Beach County,new york,shabbat,https://www.facebook.com/jewishpalmbeach?__cft__[0]=AZVWy_cGlwLPB0xiBFuteON9KMzrltNLtZhWNHs5D9xRaHtpYYn8LpAwXNUxlw8BxXaPFw3gkUrMszCceliN_NJ5qn05Als323JdVhvpDUVgRQHzASNxXlj-OTjaAViIbTQ&__tn__=-UC%2CP-R,Wishing you a peaceful and relaxing Shabbat and weekend. ,3 d,https://www.facebook.com/jewishpalmbeach/posts/540835344745186?__cft__[0]=AZVWy_cGlwLPB0xiBFuteON9KMzrltNLtZhWNHs5D9xRaHtpYYn8LpAwXNUxlw8BxXaPFw3gkUrMszCceliN_NJ5qn05Als323JdVhvpDUVgRQHzASNxXlj-OTjaAViIbTQ&__tn__=%2CO%2CP-R
Mayim Bialik,new york,shabbat,https://www.facebook.com/MissMayim?__cft__[0]=AZWqODs6O-eujpzv782xM9NqbuZ-ghSL6SyCc-O05OIVTxJuJau0gn1jxkrTLGi-brIs-naxUunYLkdS0V6jsZb0EAQBfPsuKH4GxpVRm4-JVwKxqPvOo2DHcsDGYnG_VWo&__tn__=-UC%2CP-R,#SixthNight was just before Shabbat began here in Israel.,25 December 2022,https://www.facebook.com/MissMayim/posts/734694941351993?__cft__[0]=AZWqODs6O-eujpzv782xM9NqbuZ-ghSL6SyCc-O05OIVTxJuJau0gn1jxkrTLGi-brIs-naxUunYLkdS0V6jsZb0EAQBfPsuKH4GxpVRm4-JVwKxqPvOo2DHcsDGYnG_VWo&__tn__=%2CO%2CP-R
JDC,new york,shabbat,https://www.facebook.com/TheJDC?__cft__[0]=AZXWYeyH43azviBw4MOg-x4fVD6wDhoJWQbhiD_Aj0iCp3_6oqC4p9sVYygAAW8xp2QgCsxXVLVYIhzNllFqKqY7cDYtjNHX4pqAw0j-OYyZebOGLTQYeJqIc-G37H3ShDA&__tn__=-]C%2CP-R,"Shabbat Shalom from the JDC-supported Halom Jewish Community Center (JCC) in Kyiv, Ukraine. Members of Yahad–Halom’s teen group–recently had their hands full, kneading more than 66 pounds of dough into challahs for poor and vulnerable Jews.  ",3 d,https://www.facebook.com/TheJDC/posts/553843986787438?__cft__[0]=AZXWYeyH43azviBw4MOg-x4fVD6wDhoJWQbhiD_Aj0iCp3_6oqC4p9sVYygAAW8xp2QgCsxXVLVYIhzNllFqKqY7cDYtjNHX4pqAw0j-OYyZebOGLTQYeJqIc-G37H3ShDA&__tn__=%2CO%2CP-R
Israel Defense Forces,new york,shabbat,https://www.facebook.com/idfonline?__cft__[0]=AZUjgxCe6Pm7JZjaSSJU-eL468sCAVF5QtXtJ6t2RWfBKN5xVjbfpxIPJHGPG-_mqqRb9c69DwHqYzmqYWNpx63QDbpvqeKyN_Agkdhw_FHfU5qc9SeBCtNaW85x5MfujZU&__tn__=-UC%2CP-R,It’s time to light the candles—for Shabbat and the 6th night of Hanukkah! ,23 December 2022,https://www.facebook.com/idfonline/posts/520285756800111?__cft__[0]=AZUjgxCe6Pm7JZjaSSJU-eL468sCAVF5QtXtJ6t2RWfBKN5xVjbfpxIPJHGPG-_mqqRb9c69DwHqYzmqYWNpx63QDbpvqeKyN_Agkdhw_FHfU5qc9SeBCtNaW85x5MfujZU&__tn__=%2CO%2CP-R
profile_name,post_location,keyword,profile_url,post_text,post_date,post_url
Hadassah,new york,shabbat,https://www.facebook.com/Hadassah?__cft__[0]=AZV0i4dXqEOZ59UcNpHO2gFTEfAybmZQVrjhSJDDEHXFN8h-8J6K4GKJfehaO6ktz-r3RjSMr8uedkxNdXwWM00AfTT6gfp_d2y08uAPVcYVST8NrDunILDSadjW5kpImy8&__tn__=-UC%2CP-R,Shabbat Shalom from all of us at Hadassah! #ShabbatShalom,3 d,https://www.facebook.com/Hadassah/posts/547104127454997?__cft__[0]=AZV0i4dXqEOZ59UcNpHO2gFTEfAybmZQVrjhSJDDEHXFN8h-8J6K4GKJfehaO6ktz-r3RjSMr8uedkxNdXwWM00AfTT6gfp_d2y08uAPVcYVST8NrDunILDSadjW5kpImy8&__tn__=%2CO%2CP-R
Israel Defense Forces,new york,shabbat,https://www.facebook.com/idfonline?__cft__[0]=AZWc9-5gqz4SIiBxG45DDmmeB1CzOJtJlGvjGY8NjZ0HiNiR97o3Z-M-rdq31ygfH9jKBz7e9C0FfV9qKre-DGcplH_Ogq3a76JX2VUcoQreH9cs0exhq8LCCt7FZK3R4nc&__tn__=-UC%2CP-R,"The IDF protects Israeli civilians 24/7, 365 days a year. ",3 d,https://www.facebook.com/idfonline/posts/539068131588540?__cft__[0]=AZWc9-5gqz4SIiBxG45DDmmeB1CzOJtJlGvjGY8NjZ0HiNiR97o3Z-M-rdq31ygfH9jKBz7e9C0FfV9qKre-DGcplH_Ogq3a76JX2VUcoQreH9cs0exhq8LCCt7FZK3R4nc&__tn__=%2CO%2CP-R
Israel Forever Foundation,new york,shabbat,https://www.facebook.com/IsraelForeverFoundation?__cft__[0]=AZVPmgGihVasz2ICZdh0DtYHebbCDTTwL-I8psZxK-ahUvxluVE-ork7rnOTYM5mzbn9V2IS2CSpvnzUuZSBTuSUnm3SlWqwu0e1XeKGZSgXE-MM2ZhKboitMRM3sqv-8u8&__tn__=-UC%2CP-R,"Shabbat is the highlight of the #Jewish week, the day that represents not only a physical day of rest, but also a #spiritual menuchah (spiritual rest). Each week we light candles, drink wine at Kiddush, eat a festive meal and slow down our hectic lives to enjoy family and friends. We fill our #Shabbat with meaning, and delve into the depths of Torah.Throughout the year we look at the portions of the #Torah as well to study what they too can teach us about ourselves as a nati… See more",4 d,https://www.facebook.com/IsraelForeverFoundation/posts/558167979686861?__cft__[0]=AZVPmgGihVasz2ICZdh0DtYHebbCDTTwL-I8psZxK-ahUvxluVE-ork7rnOTYM5mzbn9V2IS2CSpvnzUuZSBTuSUnm3SlWqwu0e1XeKGZSgXE-MM2ZhKboitMRM3sqv-8u8&__tn__=%2CO%2CP-R
Israel Defense Forces,new york,shabbat,https://www.facebook.com/idfonline?__cft__[0]=AZVJZUbXZdU4N1-S6H3oCnGZHlv79PoujrEyTVWOKgBOHY2W1ibLnuvYykCB9_rUi7ZZLvXfyAR_5yCOgXK36p1AtHXulDHs-8cxom5_uzWuUT6BroU8gxiP3oNo8BXxPJg&__tn__=-UC%2CP-R,Time to get in tune with the weekend Shabbat Shalom!,6 January at 19:03,https://www.facebook.com/idfonline/posts/530136829148337?__cft__[0]=AZVJZUbXZdU4N1-S6H3oCnGZHlv79PoujrEyTVWOKgBOHY2W1ibLnuvYykCB9_rUi7ZZLvXfyAR_5yCOgXK36p1AtHXulDHs-8cxom5_uzWuUT6BroU8gxiP3oNo8BXxPJg&__tn__=%2CO%2CP-R
Israel in the USA,new york,shabbat,https://www.facebook.com/IsraelinUSA?__cft__[0]=AZUbair5230aq4lXX2EDTpGqF_wwyksbKEhbAJ6uH2kV8mUoXW2pLggYuREgxaIyJu6FCiGORgYeyqQpa0QdqWCibjwYyMVcU56j_nY51tzN4EfLBolkohJbvCIXbdBoF0c&__tn__=-UC%2CP-R,Shabbat Shalom from Masada!,3 d,https://www.facebook.com/IsraelinUSA/posts/555249673311197?__cft__[0]=AZUbair5230aq4lXX2EDTpGqF_wwyksbKEhbAJ6uH2kV8mUoXW2pLggYuREgxaIyJu6FCiGORgYeyqQpa0QdqWCibjwYyMVcU56j_nY51tzN4EfLBolkohJbvCIXbdBoF0c&__tn__=%2CO%2CP-R
Wilbur Ministries,new york,shabbat,https://www.facebook.com/PaulWilbur/?__cft__[0]=AZVLn3kSrhorWwgo1AGJF8e4t30dSVuc0vy7EYb1L98JueVnJomfeXrB-SU0iny3m8Q6Yv_CjIsT6bjrHBoV6Yrjxm2snTDCifo6fQs5wps7oZoVLwoni5REBS_fYfzFxoZfZw5yqCLeGrawku7t1SAG&__tn__=-UC%2CP-R,"Shabbat Shalom!Friday‘s @ 6:00 pm EDT - Shabbat in Your HomePlatforms: Facebook, YouTube, Instagram & app (iTunes or Google Play).",3 d,https://www.facebook.com/PaulWilbur/photos/a.458754197776/10160181681462777/?__cft__[0]=AZVLn3kSrhorWwgo1AGJF8e4t30dSVuc0vy7EYb1L98JueVnJomfeXrB-SU0iny3m8Q6Yv_CjIsT6bjrHBoV6Yrjxm2snTDCifo6fQs5wps7oZoVLwoni5REBS_fYfzFxoZfZw5yqCLeGrawku7t1SAG&__tn__=%2CO%2CP-R
Israel Defense Forces,new york,shabbat,https://www.facebook.com/idfonline?__cft__[0]=AZXElxogWOPKPtkQO1UUhTH4gbSmTGY8DGXX2kF3HOgqZTgJ4hrG35NErFvCx7UY0Ptk5QT0UhJlrpQxuPwsF7BnwALsJyz9-5HwMylNdw8ShchcFzdHVfgrMY_NnEdmtmU&__tn__=-UC%2CP-R,"For the last time this year, we wish you a Shabbat Shalom.",30 December 2022 at 19:01,https://www.facebook.com/idfonline/posts/525334892961864?__cft__[0]=AZXElxogWOPKPtkQO1UUhTH4gbSmTGY8DGXX2kF3HOgqZTgJ4hrG35NErFvCx7UY0Ptk5QT0UhJlrpQxuPwsF7BnwALsJyz9-5HwMylNdw8ShchcFzdHVfgrMY_NnEdmtmU&__tn__=%2CO%2CP-R
Tsahal-Armée de Défense d'Israël,new york,shabbat,https://www.facebook.com/tsahalfr?__cft__[0]=AZV86W5d97xqg-NH3qU8g60yDStUvDTEBiDKkDkwxLSREgnPioZwq8LZO3ROaO84F7H7_A3AGdVxFM5jeeCtrMIgAXpbRcNFBTWU87N5c9p8aOr8Qwgt8ej1EOYQdPH5xEA&__tn__=-UC%2CP-R,"Tsahal protects Israeli civilians 24/7, 365 days a year.",3 d,https://www.facebook.com/tsahalfr/posts/547538607415861?__cft__[0]=AZV86W5d97xqg-NH3qU8g60yDStUvDTEBiDKkDkwxLSREgnPioZwq8LZO3ROaO84F7H7_A3AGdVxFM5jeeCtrMIgAXpbRcNFBTWU87N5c9p8aOr8Qwgt8ej1EOYQdPH5xEA&__tn__=%2CO%2CP-R
Mayim Bialik,new york,shabbat,https://www.facebook.com/MissMayim?__cft__[0]=AZXFegJffclgngUni6qTFmTPpMFDWrvq6BByD72MJmOGLyljdKRMHQxPIVZML0-hUfTzFGK2AstwQz7cOU87BLVppTIxibko-gFKY1rfNomDVz6IRfhKHCexC065W0Agb-s&__tn__=-UC%2CP-R,#SeventhNight just after Shabbat ended here in Israel.,25 December 2022,https://www.facebook.com/MissMayim/posts/734696011351886?__cft__[0]=AZXFegJffclgngUni6qTFmTPpMFDWrvq6BByD72MJmOGLyljdKRMHQxPIVZML0-hUfTzFGK2AstwQz7cOU87BLVppTIxibko-gFKY1rfNomDVz6IRfhKHCexC065W0Agb-s&__tn__=%2CO%2CP-R
Israel in Thailand,new york,shabbat,https://www.facebook.com/IsraelinThailand?__cft__[0]=AZUJyiB_Jm8ilGazsm9--pIFXx5E7bIUHjIfrN9ArpYUMbtU4iw5cwncpVh-dv6XAHwER9xO6NVuML-f1BBAG5DS7dbBEvXW255mv8HxQtUCpaZlcHWY-agP9XWab-VZV_E&__tn__=-UC%2CP-R,ของฝากจากตลาดคาร์เมล นครเทล อาวีฟ ,4 d,https://www.facebook.com/IsraelinThailand/posts/557964153030855?__cft__[0]=AZUJyiB_Jm8ilGazsm9--pIFXx5E7bIUHjIfrN9ArpYUMbtU4iw5cwncpVh-dv6XAHwER9xO6NVuML-f1BBAG5DS7dbBEvXW255mv8HxQtUCpaZlcHWY-agP9XWab-VZV_E&__tn__=%2CO%2CP-R
Friends of the IDF (FIDF),new york,shabbat,https://www.facebook.com/FIDFNational?__cft__[0]=AZUmGZSAMiFw84FiNJgVhSeuFHtu9H1D2gTWDpaXVzpow3HKOYQu76EMNEZbBHTenqVz4w7V1oJthqlQw25ZIGEyXLMGzUmr42JfD4WeEizmr6Geya8L8ziZIKgd0idf_4M&__tn__=-UC%2CP-R,"Wishing all FIDF supporters a wonderful Shabbat full of memorable moments, friends, family, and love ",3 d,https://www.facebook.com/FIDFNational/posts/550229747137085?__cft__[0]=AZUmGZSAMiFw84FiNJgVhSeuFHtu9H1D2gTWDpaXVzpow3HKOYQu76EMNEZbBHTenqVz4w7V1oJthqlQw25ZIGEyXLMGzUmr42JfD4WeEizmr6Geya8L8ziZIKgd0idf_4M&__tn__=%2CO%2CP-R
Eliad Cohen,new york,shabbat,https://www.facebook.com/EliadCohen88?__cft__[0]=AZVfVVypzJsTLI8t3RmMamOa2wuY2pHwPKMggCDtg6cWrIXiqu8p6wQkstsc7I5Ikq9fKAa--YPXB7bYeqvbDGjsLeOtWmsyjJxiS0kcUq0XeZUnZ2OucmS4os2CoJAafnU&__tn__=-]C%2CP-R,Shabbat Shalom ,3 d,https://www.facebook.com/EliadCohen88/posts/727665082052189?__cft__[0]=AZVfVVypzJsTLI8t3RmMamOa2wuY2pHwPKMggCDtg6cWrIXiqu8p6wQkstsc7I5Ikq9fKAa--YPXB7bYeqvbDGjsLeOtWmsyjJxiS0kcUq0XeZUnZ2OucmS4os2CoJAafnU&__tn__=%2CO%2CP-R
Jewish Federations of North America,new york,shabbat,https://www.facebook.com/jfederations?__cft__[0]=AZVcN4b2AELccp9dj2jA4gZJFvbiVVNDM7EaZT9G2sO2IuS78DjrWYWHgQvxI8rDYceFOaqIK3MnvfFnE8kGS66sQ6GHxxbjvdmG2ARn6_gXZY3kzkEHr_3pFQ5rpQjAUJd97c8y07uQdVNhcKZ0AX45&__tn__=-UC%2CP-R,"It may be cold outside, but a #Shabbat spent with family & friends is guaranteed to keep you feeling warm. Wishing you a warm & cozy #ShabbatShalom",3 d,https://www.facebook.com/photo/?fbid=556765213157502&set=a.421220450045313&__cft__[0]=AZVcN4b2AELccp9dj2jA4gZJFvbiVVNDM7EaZT9G2sO2IuS78DjrWYWHgQvxI8rDYceFOaqIK3MnvfFnE8kGS66sQ6GHxxbjvdmG2ARn6_gXZY3kzkEHr_3pFQ5rpQjAUJd97c8y07uQdVNhcKZ0AX45&__tn__=%2CO%2CP-R
American Friends of Magen David Adom,new york,shabbat,https://www.facebook.com/AFMDA?__cft__[0]=AZVQwXTx3NDho9CUKIndRcsms96B0GVP_VciAVgmf3mRTjWZO_gz2HiaiM1PidaNounap4onQv16B0CHqj-vZ3hyvlra9Rg7eCgH4ANTooziIcAgkZ5q6Gny9cAOeMm5Ms0&__tn__=-UC%2CP-R,Shabbat Shalom!,3 d,https://www.facebook.com/AFMDA/posts/555716516594328?__cft__[0]=AZVQwXTx3NDho9CUKIndRcsms96B0GVP_VciAVgmf3mRTjWZO_gz2HiaiM1PidaNounap4onQv16B0CHqj-vZ3hyvlra9Rg7eCgH4ANTooziIcAgkZ5q6Gny9cAOeMm5Ms0&__tn__=%2CO%2CP-R
Kosha Dillz,new york,shabbat,https://www.facebook.com/koshadillz?__cft__[0]=AZV9j54pPrdi2se7vG8f5GZxcF9c1xbJdSP0uxPdGzUpvJkLlmy92Oi7axEYSeCW_cLI23uNg1y3RXedG8PlSpfDC8Yg-E4xRGSokhugD__p9-U0yRSDMoF8UsYzLMSoZgU&__tn__=-UC%2CP-R,Off to Sundance in Park City Utah   Shabbat Shalom  say it back !,3 d,https://www.facebook.com/koshadillz/posts/718640992963389?__cft__[0]=AZV9j54pPrdi2se7vG8f5GZxcF9c1xbJdSP0uxPdGzUpvJkLlmy92Oi7axEYSeCW_cLI23uNg1y3RXedG8PlSpfDC8Yg-E4xRGSokhugD__p9-U0yRSDMoF8UsYzLMSoZgU&__tn__=%2CO%2CP-R
Wilbur Ministries,new york,shabbat,https://www.facebook.com/PaulWilbur/?__cft__[0]=AZW4hKTaODjDRTbq1gYm7USl_HKnMFDwnT0ZbNfqXKM1alR98k91pt8qHV0p_R4F1ldLJ-J2ynU9-fKUxdm1HL7l-hacCrR1VO-qM0BU0vA2Sgeas3orP8fRnRoOwUndsV4Nx5MfvagSpb700RkhvRyr&__tn__=kC%2CP-R,"This episode is a rerun as we are currently working to create new content. If you love Shabbat in Your Home or consider it your virtual congregation, please consider joining as a Shabbat in Your Home Founding Partner (https://www.wilburministries.com/.../shabbatinyourhome) and help us get this message to the nations.",3 d,https://www.facebook.com/PaulWilbur/videos/718859646467595/?__cft__[0]=AZW4hKTaODjDRTbq1gYm7USl_HKnMFDwnT0ZbNfqXKM1alR98k91pt8qHV0p_R4F1ldLJ-J2ynU9-fKUxdm1HL7l-hacCrR1VO-qM0BU0vA2Sgeas3orP8fRnRoOwUndsV4Nx5MfvagSpb700RkhvRyr&__tn__=%2CO%2CP-R
Hananya Naftali,new york,shabbat,https://www.facebook.com/hnaftali?__cft__[0]=AZW2QWdfzAmwgdRfS3HT92MnR-aAJ31Zr7xr30OEvhpgMQLSntQCkjldeS7ZBusxtvGMcPnCGkZA7IdbAR-nkcBL4Ce8V4PKBhAVhNnitLo8nBLm2DW6F6cEhva8D_avQVqQVoQouG4wLf7m4i88GIOy&__tn__=-]C%2CP-R,Shabbat Shalom from the Sea of Galilee ,21 January 2022,https://www.facebook.com/hnaftali/videos/3142222919438832/?__cft__[0]=AZW2QWdfzAmwgdRfS3HT92MnR-aAJ31Zr7xr30OEvhpgMQLSntQCkjldeS7ZBusxtvGMcPnCGkZA7IdbAR-nkcBL4Ce8V4PKBhAVhNnitLo8nBLm2DW6F6cEhva8D_avQVqQVoQouG4wLf7m4i88GIOy&__tn__=%2CO%2CP-R
#shabbatshalom,new york,shabbat,https://www.facebook.com/hashtag/shabbatshalom?__eep__=6&__cft__[0]=AZXNV4kLFVYLwtZf6kEuYFlEc5F_CVLxYQNTGOJJ3NsqbYB2nKwg2XLGkgq5N5xzeh2xIahOQVsOir-2qoybFuKReEu5GbGthgTAn5jw2rcGL3mSqC4caQItTW8u9sI1DAYdatzyNhSnLM6QvgWU_TCi&__cft__[1]=AZXNV4kLFVYLwtZf6kEuYFlEc5F_CVLxYQNTGOJJ3NsqbYB2nKwg2XLGkgq5N5xzeh2xIahOQVsOir-2qoybFuKReEu5GbGthgTAn5jw2rcGL3mSqC4caQItTW8u9sI1DAYdatzyNhSnLM6QvgWU_TCi&__tn__=KH-R,na,20 Jan,na
Accidental Talmudist,new york,shabbat,https://www.facebook.com/accidentaltalmudist?__cft__[0]=AZWgH6JFqd9q_ErxnD-6xwJZ6xmXAEmfxo74votWilgxCDcvnbr04S1F7-u8TDmSkD2C4oUWD918-1OD87HfgFwmE5g7pC9ZsXdf3AEeZFtQOzRljdbVpqZJXVyzcIxR30Q&__tn__=-UC%2CP-R,"As we roll toward this week’s finish line, I thought you’d get a kick out of a Sal-circa-80’s pic… (that’s my brother on the left)  Good Shabbos, my pals!",3 d,https://www.facebook.com/accidentaltalmudist/posts/719364149558609?__cft__[0]=AZWgH6JFqd9q_ErxnD-6xwJZ6xmXAEmfxo74votWilgxCDcvnbr04S1F7-u8TDmSkD2C4oUWD918-1OD87HfgFwmE5g7pC9ZsXdf3AEeZFtQOzRljdbVpqZJXVyzcIxR30Q&__tn__=%2CO%2CP-R
Accidental Talmudist,new york,shabbat,https://www.facebook.com/accidentaltalmudist?__cft__[0]=AZU57J29xo4S8uHGR2kkTW7LgvqnhfTaPBbnFESJTT7eSmd2SxVRi8RZlO5uK9rmG8HKG1HxdGLPcHN5PP2sCe4WDmjYpmfxoljDRCX5_Y5a1fSKLVWWzWNWfZ_y1fW07uY&__tn__=-UC%2CP-R,"Let’s get ready for Shabbos! Jewish women and girls, as well as men living alone, light candles 18 minutes before sunset on Friday to bring in the holy day of rest.",3 d,https://www.facebook.com/accidentaltalmudist/posts/719346429560381?__cft__[0]=AZU57J29xo4S8uHGR2kkTW7LgvqnhfTaPBbnFESJTT7eSmd2SxVRi8RZlO5uK9rmG8HKG1HxdGLPcHN5PP2sCe4WDmjYpmfxoljDRCX5_Y5a1fSKLVWWzWNWfZ_y1fW07uY&__tn__=%2CO%2CP-R
Menachem Creditor,new york,shabbat,https://www.facebook.com/rabbicreditor?__cft__[0]=AZV3x6unxYd9uek4UNM0MMnGo2P3v1kzcwWYAiftAfgFkt6rQNdqw6LdgZ5HFyk6QWx9UwZ9MSiSfduPsSBiFB4YOaiR4ebA-KQUQlNo9of95jYWMYCaL_aIEUJi4k89l40&__tn__=-UC%2CP-R,"So excited! Neshama and my special Shabbat with Temple Israel of Sharon, MA has been rescheduled for February 17-19! Can't wait to see all our Boston friends at a Shabbat full of davening and learning, and a Saturday night Neshama concert! ",9 h,https://www.facebook.com/rabbicreditor/posts/10160349332464450?__cft__[0]=AZV3x6unxYd9uek4UNM0MMnGo2P3v1kzcwWYAiftAfgFkt6rQNdqw6LdgZ5HFyk6QWx9UwZ9MSiSfduPsSBiFB4YOaiR4ebA-KQUQlNo9of95jYWMYCaL_aIEUJi4k89l40&__tn__=%2CO%2CP-R
Rabbi Lawrence Hajioff,new york,shabbat,https://www.facebook.com/RabbiLawrenceHajioff?__cft__[0]=AZWnH4DiW1mGPNZPobJMmFo2rn6k8c80B40lxtP3ELOfCTFgQpcmFH9l-EF9LIWsqA6fzt-RE-cS5xIq3_GKpHvG4mTyaMpGhECQWuSLdYKCKoF4d66NIbVT6OPIoqorMMvzVHFNRfjylaeFrKZKiLLe&__tn__=-UC%2CP-R,Escaping the safety of the mind and soul. Shabbat Shalom. ,3 d,https://www.facebook.com/RabbiLawrenceHajioff/posts/591177762823557?__cft__[0]=AZWnH4DiW1mGPNZPobJMmFo2rn6k8c80B40lxtP3ELOfCTFgQpcmFH9l-EF9LIWsqA6fzt-RE-cS5xIq3_GKpHvG4mTyaMpGhECQWuSLdYKCKoF4d66NIbVT6OPIoqorMMvzVHFNRfjylaeFrKZKiLLe&__tn__=%2CO%2CP-R
Rabbi Shmuley Boteach,new york,shabbat,https://www.facebook.com/RabbiShmuleyBoteach?__cft__[0]=AZUE_vccAx5jv5DdBgI4Gu6w2gHYfBgJBW0Jb1JhInPHWuOihDXeTGMG-pe1ZI7_IJ7xQZK4DxfZmwBNkxIO52ebrnqVvONpe_IvgKEEyZv6ma6d-E8aKvDOOf4hi4PgcOk&__tn__=-UC%2CP-R,Chabad of Venice Where I spoke on Shabbos and thank you so much Rabbi Rami and @rebbetzinunplugged,2 d,https://www.facebook.com/RabbiShmuleyBoteach/posts/738041911016908?__cft__[0]=AZUE_vccAx5jv5DdBgI4Gu6w2gHYfBgJBW0Jb1JhInPHWuOihDXeTGMG-pe1ZI7_IJ7xQZK4DxfZmwBNkxIO52ebrnqVvONpe_IvgKEEyZv6ma6d-E8aKvDOOf4hi4PgcOk&__tn__=%2CO%2CP-R
Jewish Federation of Palm Beach County,new york,shabbat,https://www.facebook.com/jewishpalmbeach?__cft__[0]=AZWJfMMVe1MVK5qODAL2-3fTKyPhgaMn1GEehbhBji-y6cUkeZPVzdbP7-kqujW4FNBkU7RQCz0vk4AuegKt1rzT-92KrMN-kffdQm2A18NVuaDDrU4FUmdRZxU-w2k2jxg&__tn__=-UC%2CP-R,Wishing you a peaceful and relaxing Shabbat and weekend. ,3 d,https://www.facebook.com/jewishpalmbeach/posts/540835344745186?__cft__[0]=AZWJfMMVe1MVK5qODAL2-3fTKyPhgaMn1GEehbhBji-y6cUkeZPVzdbP7-kqujW4FNBkU7RQCz0vk4AuegKt1rzT-92KrMN-kffdQm2A18NVuaDDrU4FUmdRZxU-w2k2jxg&__tn__=%2CO%2CP-R
Mayim Bialik,new york,shabbat,https://www.facebook.com/MissMayim?__cft__[0]=AZU1elTTJhsWZLri4eFeKejAFX1SM3Ygu7DlCQW4C1h-a1EBI3ZIG7LelxrDIqGjzocVCvp761_VpzOW_0uxzBUQz0V2uA4aD2U6GRTBr3lg3ddzAZQzJe3JHFYMGIdcnGY&__tn__=-UC%2CP-R,#SixthNight was just before Shabbat began here in Israel.,25 December 2022,https://www.facebook.com/MissMayim/posts/734694941351993?__cft__[0]=AZU1elTTJhsWZLri4eFeKejAFX1SM3Ygu7DlCQW4C1h-a1EBI3ZIG7LelxrDIqGjzocVCvp761_VpzOW_0uxzBUQz0V2uA4aD2U6GRTBr3lg3ddzAZQzJe3JHFYMGIdcnGY&__tn__=%2CO%2CP-R
JDC,new york,shabbat,https://www.facebook.com/TheJDC?__cft__[0]=AZX8TiRkv_NzfeE_WftnteLwJeM9Nmn28ITjZdFCyjudN0IHrlMThV8WxQkJa0g20J_cYaSFDCd2SL_lqwKmfASyO4HsrD7Z0vdyguO0cAF1285mPWohbK6M2gevb8YFMjI&__tn__=-]C%2CP-R,"Shabbat Shalom from the JDC-supported Halom Jewish Community Center (JCC) in Kyiv, Ukraine. Members of Yahad–Halom’s teen group–recently had their hands full, kneading more than 66 pounds of dough into challahs for poor and vulnerable Jews.  ",3 d,https://www.facebook.com/TheJDC/posts/553843986787438?__cft__[0]=AZX8TiRkv_NzfeE_WftnteLwJeM9Nmn28ITjZdFCyjudN0IHrlMThV8WxQkJa0g20J_cYaSFDCd2SL_lqwKmfASyO4HsrD7Z0vdyguO0cAF1285mPWohbK6M2gevb8YFMjI&__tn__=%2CO%2CP-R
Israel Defense Forces,new york,shabbat,https://www.facebook.com/idfonline?__cft__[0]=AZUNJqkBTlbgbfM8oY2fI8ob1pF6Q10Cz5RC7ubfbu9GggmhTJO7N0DROimAwRqHvJ411WcNL4V9mHNoBkznEqnJol4c5u-4U4FwGC93Jwjr9wkcUi1J9vZP0m11zDs8nNU&__tn__=-UC%2CP-R,It’s time to light the candles—for Shabbat and the 6th night of Hanukkah! ,23 December 2022,https://www.facebook.com/idfonline/posts/520285756800111?__cft__[0]=AZUNJqkBTlbgbfM8oY2fI8ob1pF6Q10Cz5RC7ubfbu9GggmhTJO7N0DROimAwRqHvJ411WcNL4V9mHNoBkznEqnJol4c5u-4U4FwGC93Jwjr9wkcUi1J9vZP0m11zDs8nNU&__tn__=%2CO%2CP-R
profile_name,post_location,keyword,profile_url,post_text,post_date,post_url
Israel en Ecuador,chicago,shabat,https://www.facebook.com/IsraelinEcuador?__cft__[0]=AZV_PN4m1xsNMWT-alV0RPjJDyiwH0cDXUwWJeIpE4qyAY8-R3eVJ_a-lVhT-FnKqmcKukbaWFliDgsFf2iYvlVVorSe_zLlxyNLoFUfm6FOSN4xxXMMSCOr9qhcZ6MOJ5Q&__tn__=-UC%2CP-R,"A little over 100 years ago, this city was just sand dunes and dreams. Today dreams are reality and #TelAviv became one of the most vibrant, innovative and beautiful cities in the world.",3 d,https://www.facebook.com/IsraelinEcuador/posts/573722308122466?__cft__[0]=AZV_PN4m1xsNMWT-alV0RPjJDyiwH0cDXUwWJeIpE4qyAY8-R3eVJ_a-lVhT-FnKqmcKukbaWFliDgsFf2iYvlVVorSe_zLlxyNLoFUfm6FOSN4xxXMMSCOr9qhcZ6MOJ5Q&__tn__=%2CO%2CP-R
Israel Defense Forces,chicago,shabat,https://www.facebook.com/idfonline?__cft__[0]=AZVUJefDaLNrGOe81lKeMTSjyc9MrY4mbfdERjqbhYe-RxooTiBFnJp6umVTZg9mucU5WFZGWgRRZZrVdQpAKzmInHYsAtbIVFzypPoucQDILxDOAvtTlKgeOasIwHRA_wo&__tn__=-UC%2CP-R,"The IDF protects Israeli civilians 24/7, 365 days a year. ",3 d,https://www.facebook.com/idfonline/posts/539068131588540?__cft__[0]=AZVUJefDaLNrGOe81lKeMTSjyc9MrY4mbfdERjqbhYe-RxooTiBFnJp6umVTZg9mucU5WFZGWgRRZZrVdQpAKzmInHYsAtbIVFzypPoucQDILxDOAvtTlKgeOasIwHRA_wo&__tn__=%2CO%2CP-R
Anastasiya•Averbukh•Family,chicago,shabat,https://www.facebook.com/profile.php?id=100064839641539&__cft__[0]=AZVxb1gSPy4VqNl-_ATKpe8dPjMSTpYZhYpmAoaLf6irL46T5YDKGtS8KfZPPUpV-ugRJXQn-2_tID8FU5RtmRDTh9obD0tHW2u22jW-6UYzIAjjf_6qFS-Rax55BpB9oVncfnRk9LnYWUqPasKAA4Gn&__tn__=-UC%2CP-R,#anastasiaaverbukh #topstarmodel #isrial Golden hour  #shabat #weekend #reels #tlv Style @noizzbymania,17 October 2021,https://www.facebook.com/permalink.php?story_fbid=242247581279895&id=100064839641539&__cft__[0]=AZVxb1gSPy4VqNl-_ATKpe8dPjMSTpYZhYpmAoaLf6irL46T5YDKGtS8KfZPPUpV-ugRJXQn-2_tID8FU5RtmRDTh9obD0tHW2u22jW-6UYzIAjjf_6qFS-Rax55BpB9oVncfnRk9LnYWUqPasKAA4Gn&__tn__=%2CO%2CP-R
Spirit of the Holy Land,chicago,shabat,https://www.facebook.com/HolyLandSpirit?__cft__[0]=AZXzwAgCfqlDEB2TokvoWcJ31p3mAP3qVcKCNdR9VbQc5pSzFlMImLBtiw5PwjjZa4iyy6b-KxXscvfw-7bFRLyjySvgJmxbDUCohNnMww5IfzapAjWJBWtUWnpLvVPzVes&__tn__=-UC%2CP-R,Shabat shalom from The Sea Of Galilee,3 d,https://www.facebook.com/HolyLandSpirit/posts/545947637565399?__cft__[0]=AZXzwAgCfqlDEB2TokvoWcJ31p3mAP3qVcKCNdR9VbQc5pSzFlMImLBtiw5PwjjZa4iyy6b-KxXscvfw-7bFRLyjySvgJmxbDUCohNnMww5IfzapAjWJBWtUWnpLvVPzVes&__tn__=%2CO%2CP-R
Fuerzas de Defensa de Israel,chicago,shabat,https://www.facebook.com/FDIespanol?__cft__[0]=AZXkzOns91DUEjcIGLXAqyJwuszcJbxzEGoRB9y1sYPViHMTDL37nCVejB2B1eRKKOoEpnFaVqV0DHx-OcJPjZ2Xnc01XfO54N2XsJaHpT-R8WOjMpD7aXmCMhPChoUDwwk&__tn__=-UC%2CP-R,"IDF protects Israeli civilians 24/7, 365 days a year.",3 d,https://www.facebook.com/FDIespanol/posts/552837866876276?__cft__[0]=AZXkzOns91DUEjcIGLXAqyJwuszcJbxzEGoRB9y1sYPViHMTDL37nCVejB2B1eRKKOoEpnFaVqV0DHx-OcJPjZ2Xnc01XfO54N2XsJaHpT-R8WOjMpD7aXmCMhPChoUDwwk&__tn__=%2CO%2CP-R
Israel in the USA,chicago,shabat,https://www.facebook.com/IsraelinUSA?__cft__[0]=AZVr0yFjUOBxDXc9IRGg80SMA1oJGT3InImLdZ9A133rCHNy1QSmgHVPZ7yMIOQw7M-qkSitNErB40lxqJ2XukcZ4PRWkcU4Ru2nKimdWf-32tjPLEXZuZXanVIZug65MLc&__tn__=-UC%2CP-R,Shabbat Shalom from Masada!,3 d,https://www.facebook.com/IsraelinUSA/posts/555249673311197?__cft__[0]=AZVr0yFjUOBxDXc9IRGg80SMA1oJGT3InImLdZ9A133rCHNy1QSmgHVPZ7yMIOQw7M-qkSitNErB40lxqJ2XukcZ4PRWkcU4Ru2nKimdWf-32tjPLEXZuZXanVIZug65MLc&__tn__=%2CO%2CP-R
Hadassah,chicago,shabat,https://www.facebook.com/Hadassah?__cft__[0]=AZW-cDCrcsCd7DPvxX7TfCi0qgHl-Z8yjkzVc4Ed2bxjWslbgLhR8NhMhb-e3Q1c8nfnHwcEB4UdU3E3M0dNu_2lIrS42tqcr9KIbwDERNFKYtBERQS3YknEKpurQ0hGmpg&__tn__=-UC%2CP-R,Shabbat Shalom from all of us at Hadassah! #ShabbatShalom,3 d,https://www.facebook.com/Hadassah/posts/547104127454997?__cft__[0]=AZW-cDCrcsCd7DPvxX7TfCi0qgHl-Z8yjkzVc4Ed2bxjWslbgLhR8NhMhb-e3Q1c8nfnHwcEB4UdU3E3M0dNu_2lIrS42tqcr9KIbwDERNFKYtBERQS3YknEKpurQ0hGmpg&__tn__=%2CO%2CP-R
Accidental Talmudist,chicago,shabat,https://www.facebook.com/accidentaltalmudist?__cft__[0]=AZUjVTvnPoBrO_CGR4z20SkiF68tUnWBuXa4JqFDmp80ZeU_q-iHj-5jfzKnLfmqAvQMIGU0NtTJkasJyxPqdKwD3kt68mWKGQQo35Hw50xVQFtzba0gTBi0eNGFButXpGg&__tn__=-UC%2CP-R,"As we roll toward this week’s finish line, I thought you’d get a kick out of a Sal-circa-80’s pic… (that’s my brother on the left)  Good Shabbos, my pals!",3 d,https://www.facebook.com/accidentaltalmudist/posts/719364149558609?__cft__[0]=AZUjVTvnPoBrO_CGR4z20SkiF68tUnWBuXa4JqFDmp80ZeU_q-iHj-5jfzKnLfmqAvQMIGU0NtTJkasJyxPqdKwD3kt68mWKGQQo35Hw50xVQFtzba0gTBi0eNGFButXpGg&__tn__=%2CO%2CP-R
Kosha Dillz,chicago,shabat,https://www.facebook.com/koshadillz?__cft__[0]=AZUacOguwnt36tT9i6zSwShLdUT__UZzjIcXIrST3Zl11QCA66ePNBpa_VYe0QaxO88c7aZiBeCXKIVjiSts9FloCZrxrndDBPrKP5l6THjAwePJr4B3duIhpZbnr9DuEFY&__tn__=-UC%2CP-R,Off to Sundance in Park City Utah   Shabbat Shalom  say it back !,3 d,https://www.facebook.com/koshadillz/posts/718640992963389?__cft__[0]=AZUacOguwnt36tT9i6zSwShLdUT__UZzjIcXIrST3Zl11QCA66ePNBpa_VYe0QaxO88c7aZiBeCXKIVjiSts9FloCZrxrndDBPrKP5l6THjAwePJr4B3duIhpZbnr9DuEFY&__tn__=%2CO%2CP-R
Rabbi Shmuley Boteach,chicago,shabat,https://www.facebook.com/RabbiShmuleyBoteach?__cft__[0]=AZVkDNYmrRaUx_wX1x81jBTjofkMD5TMSU_zGW31oV8ZB5Nwc09MHUjciky9DNUXUm01FM6NPt2Bpojn-NQjY3_2UccDdBOYdKY0QtIKIny9ogkzW5yB5YmgcKhOgvyH4ew&__tn__=-UC%2CP-R,Chabad of Venice Where I spoke on Shabbos and thank you so much Rabbi Rami and @rebbetzinunplugged,2 d,https://www.facebook.com/RabbiShmuleyBoteach/posts/738041911016908?__cft__[0]=AZVkDNYmrRaUx_wX1x81jBTjofkMD5TMSU_zGW31oV8ZB5Nwc09MHUjciky9DNUXUm01FM6NPt2Bpojn-NQjY3_2UccDdBOYdKY0QtIKIny9ogkzW5yB5YmgcKhOgvyH4ew&__tn__=%2CO%2CP-R
Israel Forever Foundation,chicago,shabat,https://www.facebook.com/IsraelForeverFoundation?__cft__[0]=AZWn5oULjU42RWrpB2YBQbc1-_qYiFFSw_u4X54LTRzHkMHT_pYzTYFFKPz8RH9mvpgTMNeLa2HzZHS6qVgEn0o_eyN3nsd6T0iYtRHyLjuwtUI_YKUIZP5iieJ9tsGwnps&__tn__=-UC%2CP-R,"Shabbat is the highlight of the #Jewish week, the day that represents not only a physical day of rest, but also a #spiritual menuchah (spiritual rest). Each week we light candles, drink wine at Kiddush, eat a festive meal and slow down our hectic lives to enjoy family and friends. We fill our #Shabbat with meaning, and delve into the depths of Torah.Throughout the year we look at the portions of the #Torah as well to study what they too can teach us about ourselves as a nati… See more",4 d,https://www.facebook.com/IsraelForeverFoundation/posts/558167979686861?__cft__[0]=AZWn5oULjU42RWrpB2YBQbc1-_qYiFFSw_u4X54LTRzHkMHT_pYzTYFFKPz8RH9mvpgTMNeLa2HzZHS6qVgEn0o_eyN3nsd6T0iYtRHyLjuwtUI_YKUIZP5iieJ9tsGwnps&__tn__=%2CO%2CP-R
Wilbur Ministries,chicago,shabat,https://www.facebook.com/PaulWilbur/?__cft__[0]=AZXTB-1-FveWOoVmN8iyf79I6Efub1D2pEIgVD8Xp1kDDRw3mkoC_4lI_ob0xDTGJOdefWKq_yGquDNkSeQ3FGz_J2eYIuiBFE7lwzMS6GHOprCDvsof6uRES7RvZzOaXex8PSVBhqH1yqEGKicJXn01&__tn__=kC%2CP-R,"This episode is a rerun as we are currently working to create new content. If you love Shabbat in Your Home or consider it your virtual congregation, please consider joining as a Shabbat in Your Home Founding Partner (https://www.wilburministries.com/.../shabbatinyourhome) and help us get this message to the nations.",3 d,https://www.facebook.com/PaulWilbur/videos/718859646467595/?__cft__[0]=AZXTB-1-FveWOoVmN8iyf79I6Efub1D2pEIgVD8Xp1kDDRw3mkoC_4lI_ob0xDTGJOdefWKq_yGquDNkSeQ3FGz_J2eYIuiBFE7lwzMS6GHOprCDvsof6uRES7RvZzOaXex8PSVBhqH1yqEGKicJXn01&__tn__=%2CO%2CP-R
Friends of the IDF (FIDF),chicago,shabat,https://www.facebook.com/FIDFNational?__cft__[0]=AZXSBbEsBz0l4fP9oIMZR-QpVZO0msaKLe6fzdhDdDE7f-MbAAB7TzAlZ78vXXtV6-VnerkGBT812Sktq4hlqryT2WBqA5YLLbcToypbK8U8t7l4eKhACteZdu5e-XMqSlU&__tn__=-UC%2CP-R,"Wishing all FIDF supporters a wonderful Shabbat full of memorable moments, friends, family, and love ",3 d,https://www.facebook.com/FIDFNational/posts/550229747137085?__cft__[0]=AZXSBbEsBz0l4fP9oIMZR-QpVZO0msaKLe6fzdhDdDE7f-MbAAB7TzAlZ78vXXtV6-VnerkGBT812Sktq4hlqryT2WBqA5YLLbcToypbK8U8t7l4eKhACteZdu5e-XMqSlU&__tn__=%2CO%2CP-R
American Friends of Magen David Adom,chicago,shabat,https://www.facebook.com/AFMDA?__cft__[0]=AZUq6hhs-brRKLWvDz1_l_dSNZj3e0Xg7uE2Xb3lsBcUZUveIVypa8pMmPzK615eFOsgRVG2akTK-ZkDoK-Qx78TVsBtrAP97JbgRLkThKAQUCOfkxGN8qwhzdk6-F7t3QQ&__tn__=-UC%2CP-R,Shabbat Shalom!,3 d,https://www.facebook.com/AFMDA/posts/555716516594328?__cft__[0]=AZUq6hhs-brRKLWvDz1_l_dSNZj3e0Xg7uE2Xb3lsBcUZUveIVypa8pMmPzK615eFOsgRVG2akTK-ZkDoK-Qx78TVsBtrAP97JbgRLkThKAQUCOfkxGN8qwhzdk6-F7t3QQ&__tn__=%2CO%2CP-R
Wilbur Ministries,chicago,shabat,https://www.facebook.com/PaulWilbur/?__cft__[0]=AZWmZO5xLboCdHo9D0QShoCPci6FeVS7LlX5iRuGH0iAvbruMAVH7sflohh1rJ8ZDDw0IiyEdynoNTRN4dMpUdzULvaUn9aWCoKZ3SNX8gKMY-COrg_63XluXEbqALgAuGGkvLopaOvwF0yyhgxPpu-x&__tn__=-UC%2CP-R,"Shabbat Shalom!Friday‘s @ 6:00 pm EDT - Shabbat in Your HomePlatforms: Facebook, YouTube, Instagram & app (iTunes or Google Play).",3 d,https://www.facebook.com/PaulWilbur/photos/a.458754197776/10160181681462777/?__cft__[0]=AZWmZO5xLboCdHo9D0QShoCPci6FeVS7LlX5iRuGH0iAvbruMAVH7sflohh1rJ8ZDDw0IiyEdynoNTRN4dMpUdzULvaUn9aWCoKZ3SNX8gKMY-COrg_63XluXEbqALgAuGGkvLopaOvwF0yyhgxPpu-x&__tn__=%2CO%2CP-R
#pakistanifashion,chicago,shabat,https://www.facebook.com/hashtag/pakistanifashion?__eep__=6&__cft__[0]=AZWW6w8UZ_KNxU09TRapkh7o3AEnIbNUaJLtigr-JcuaUvLK2q2vUmKrQLh44uU2TCNEvWC6fIsb00oJtDzLnEoJjwJ2P1NyWzZg1eDfNnkW8IM9AjjBFDYZdZwfiQRj6AM-hHiJC-TMCi2wi24TF5fa&__cft__[1]=AZWW6w8UZ_KNxU09TRapkh7o3AEnIbNUaJLtigr-JcuaUvLK2q2vUmKrQLh44uU2TCNEvWC6fIsb00oJtDzLnEoJjwJ2P1NyWzZg1eDfNnkW8IM9AjjBFDYZdZwfiQRj6AM-hHiJC-TMCi2wi24TF5fa&__tn__=KH-R,na,9 Jan,na
Accidental Talmudist,chicago,shabat,https://www.facebook.com/accidentaltalmudist?__cft__[0]=AZXkl-b4jAlVEyotffrQlPbfhIaQcHkhlxZAKrbk30iVWzrdkHCY5Oj0Pu9UpTEAd9d-I-RSVCoDtO8_E8k5qsk4IL5BFDv20Qqltk-aBa048XbQfHz1DOIPUtXt6GxKGqs&__tn__=-UC%2CP-R,"Let’s get ready for Shabbos! Jewish women and girls, as well as men living alone, light candles 18 minutes before sunset on Friday to bring in the holy day of rest.",3 d,https://www.facebook.com/accidentaltalmudist/posts/719346429560381?__cft__[0]=AZXkl-b4jAlVEyotffrQlPbfhIaQcHkhlxZAKrbk30iVWzrdkHCY5Oj0Pu9UpTEAd9d-I-RSVCoDtO8_E8k5qsk4IL5BFDv20Qqltk-aBa048XbQfHz1DOIPUtXt6GxKGqs&__tn__=%2CO%2CP-R
TASTE,chicago,shabat,https://www.facebook.com/tastecookingmag/?__cft__[0]=AZXffNl_DWVYRzVu5Bm7mrXeKPRy8wjYx77zSG9rEZJZNTp_c8H6Ry5vLSsOT5hdAe3qXDpEe09-XURNM1qvnYTljH46BBi1Lch2iApIrelNkETWo-A2QVEXS4-5_jqMgLE&__tn__=-UC%2CP-R,Contemporary bakers are changing the challah game.,2 d,https://www.facebook.com/tastecookingmag/posts/10160592758182103?__cft__[0]=AZXffNl_DWVYRzVu5Bm7mrXeKPRy8wjYx77zSG9rEZJZNTp_c8H6Ry5vLSsOT5hdAe3qXDpEe09-XURNM1qvnYTljH46BBi1Lch2iApIrelNkETWo-A2QVEXS4-5_jqMgLE&__tn__=%2CO%2CP-R
Rabbi Lawrence Hajioff,chicago,shabat,https://www.facebook.com/RabbiLawrenceHajioff?__cft__[0]=AZWnmcPPMuM3RaQnhlV-pjzMgLzf8yXiWtOeJGJta2zjYW9QZ3pwu2S2X2jYOwclRAX2GSRDVj6p2kQWdc1xEkVMRoHhdf7mXWFrijRWhH9p8xE5Acr6Y50cwFFIo20xom_EBawcHEVvzE9CUjksGwT9&__tn__=-UC%2CP-R,Escaping the safety of the mind and soul. Shabbat Shalom. ,3 d,https://www.facebook.com/RabbiLawrenceHajioff/posts/591177762823557?__cft__[0]=AZWnmcPPMuM3RaQnhlV-pjzMgLzf8yXiWtOeJGJta2zjYW9QZ3pwu2S2X2jYOwclRAX2GSRDVj6p2kQWdc1xEkVMRoHhdf7mXWFrijRWhH9p8xE5Acr6Y50cwFFIo20xom_EBawcHEVvzE9CUjksGwT9&__tn__=%2CO%2CP-R
Jewish Federations of North America,chicago,shabat,https://www.facebook.com/jfederations?__cft__[0]=AZWK0YndB9xXKyWLZWFhaMzFWy_0f9T0_l_KOGh0A8eo3ChwaQO__WSFgrOu_BUZazahjeHBqP35WB9-yOeKt-WwdUJF_O153u-h5s1CYzHnSpRB5gh_bnILQ5tRHFxkhYRrYDgTlMFyn4Key-CaBiUn&__tn__=-UC%2CP-R,"It may be cold outside, but a #Shabbat spent with family & friends is guaranteed to keep you feeling warm. Wishing you a warm & cozy #ShabbatShalom",3 d,https://www.facebook.com/photo/?fbid=556765213157502&set=a.421220450045313&__cft__[0]=AZWK0YndB9xXKyWLZWFhaMzFWy_0f9T0_l_KOGh0A8eo3ChwaQO__WSFgrOu_BUZazahjeHBqP35WB9-yOeKt-WwdUJF_O153u-h5s1CYzHnSpRB5gh_bnILQ5tRHFxkhYRrYDgTlMFyn4Key-CaBiUn&__tn__=%2CO%2CP-R
Shabat Guitars,chicago,shabat,https://www.facebook.com/shabatguitars?__cft__[0]=AZVjMKx1nl_igQNaHTO11ChHXttSEUquF29l7LcatXn1k84JxlOr7eGU7BtPTcHjOya5r56wU0ZbE-ONQ1y7BMl8Iq9mc_StV0n304V8KeLDa2a6smBfUYCi5NjLGEmpXa4&__tn__=-UC%2CP-R,What an honor to work with @beatmmm to create this custom #Lion Deluxe model for @tiger_yny ,13 January at 05:27,https://www.facebook.com/shabatguitars/posts/846372463417900?__cft__[0]=AZVjMKx1nl_igQNaHTO11ChHXttSEUquF29l7LcatXn1k84JxlOr7eGU7BtPTcHjOya5r56wU0ZbE-ONQ1y7BMl8Iq9mc_StV0n304V8KeLDa2a6smBfUYCi5NjLGEmpXa4&__tn__=%2CO%2CP-R
Eliad Cohen,chicago,shabat,https://www.facebook.com/EliadCohen88?__cft__[0]=AZUOHBP69V5EA5Q9XPfODGTH1xR3MZKyfrHgtoqczcCkwd5Gu-HTBXIqQceH7n3SZvUhjwtTvJskh6J7dP-dJ6uX2HSCNgi03ZntrGLpTqSyx_hSEU41JPZI5EWGTWL-u8g&__tn__=-]C%2CP-R,Shabbat Shalom ,3 d,https://www.facebook.com/EliadCohen88/posts/727665082052189?__cft__[0]=AZUOHBP69V5EA5Q9XPfODGTH1xR3MZKyfrHgtoqczcCkwd5Gu-HTBXIqQceH7n3SZvUhjwtTvJskh6J7dP-dJ6uX2HSCNgi03ZntrGLpTqSyx_hSEU41JPZI5EWGTWL-u8g&__tn__=%2CO%2CP-R
Jewish Federation of Palm Beach County,chicago,shabat,https://www.facebook.com/jewishpalmbeach?__cft__[0]=AZXn2WMxBL5PplVg0CabJedIJapxaJBMvrqyparNFvoXQ1hIVlx7lf0oULJ02jh3GCzWnYbOLTFGbAnA40vvh2EXMpvT3K6gMFOGYv_qatm2nUa-jXM3GX952Z-Si_nM30E&__tn__=-UC%2CP-R,Wishing you a peaceful and relaxing Shabbat and weekend. ,3 d,https://www.facebook.com/jewishpalmbeach/posts/540835344745186?__cft__[0]=AZXn2WMxBL5PplVg0CabJedIJapxaJBMvrqyparNFvoXQ1hIVlx7lf0oULJ02jh3GCzWnYbOLTFGbAnA40vvh2EXMpvT3K6gMFOGYv_qatm2nUa-jXM3GX952Z-Si_nM30E&__tn__=%2CO%2CP-R
Temple Emanu-El,chicago,shabat,https://www.facebook.com/emanuelnyc?__cft__[0]=AZUW9jsrqorL6cjvM-q1dGfa29g1MOD1npR6QX8OhaFXuQ7on0GAGtVLKTKVhHIjjfWDspMiYEaa1I3sCdeD_k-ybv15OmAij8sbppowfDBak_z1HbDkld_0lHR7PAynHoMkh59UaAEEs6yst5x81UXI&__tn__=-UC%2CP-R,"Rabbi Andrue Kahn's Shabbat sermon, “Making Sense of Fearing God: From the Patriarchs to Moses” on Friday, January 20, 2023",19 h,https://www.facebook.com/emanuelnyc/posts/542055907958851?__cft__[0]=AZUW9jsrqorL6cjvM-q1dGfa29g1MOD1npR6QX8OhaFXuQ7on0GAGtVLKTKVhHIjjfWDspMiYEaa1I3sCdeD_k-ybv15OmAij8sbppowfDBak_z1HbDkld_0lHR7PAynHoMkh59UaAEEs6yst5x81UXI&__tn__=%2CO%2CP-R
David Ben Shabat,chicago,shabat,https://www.facebook.com/profile.php?id=100000748375865&__cft__[0]=AZU0hZW-3HNrLnt5P13sDVnQZxHoI31HOmw-8BnV0zcLXjt84tW6z3tkfcuP49-37P2w2ISyrjfop870_zDgF5u61dOlmiu53XRRV1r-qtcmcBf3z_rMbCs1toIfelyP0TA&__tn__=-UC%2CP-R,"We were born sick"", you heard them say it !!!",3 d,https://www.facebook.com/permalink.php?story_fbid=6607415352626678&id=100000748375865&__cft__[0]=AZU0hZW-3HNrLnt5P13sDVnQZxHoI31HOmw-8BnV0zcLXjt84tW6z3tkfcuP49-37P2w2ISyrjfop870_zDgF5u61dOlmiu53XRRV1r-qtcmcBf3z_rMbCs1toIfelyP0TA&__tn__=%2CO%2CP-R
